{"options":{},"indexes":[{"v":2,"key":{"_id":1},"name":"_id_","ns":"rocketchat.rocketchat_room"},{"v":2,"key":{"_updatedAt":1},"name":"_updatedAt_1","ns":"rocketchat.rocketchat_room"},{"v":2,"unique":true,"key":{"name":1},"name":"name_1","ns":"rocketchat.rocketchat_room","sparse":true},{"v":2,"key":{"default":1},"name":"default_1","ns":"rocketchat.rocketchat_room"},{"v":2,"key":{"featured":1},"name":"featured_1","ns":"rocketchat.rocketchat_room"},{"v":2,"key":{"t":1},"name":"t_1","ns":"rocketchat.rocketchat_room"},{"v":2,"key":{"u._id":1},"name":"u._id_1","ns":"rocketchat.rocketchat_room"},{"v":2,"key":{"tokenpass.tokens.token":1},"name":"tokenpass.tokens.token_1","ns":"rocketchat.rocketchat_room"},{"v":2,"key":{"ts":1},"name":"ts_1","ns":"rocketchat.rocketchat_room"},{"v":2,"key":{"prid":1},"name":"prid_1","ns":"rocketchat.rocketchat_room","sparse":true},{"v":2,"key":{"fname":1},"name":"fname_1","ns":"rocketchat.rocketchat_room","sparse":true},{"v":2,"key":{"closedAt":1},"name":"closedAt_1","ns":"rocketchat.rocketchat_room","sparse":true},{"v":2,"key":{"uids":1},"name":"uids_1","ns":"rocketchat.rocketchat_room","sparse":true},{"v":2,"key":{"open":1},"name":"open_1","ns":"rocketchat.rocketchat_room","sparse":true},{"v":2,"key":{"departmentId":1},"name":"departmentId_1","ns":"rocketchat.rocketchat_room","sparse":true},{"v":2,"key":{"metrics.chatDuration":1},"name":"metrics.chatDuration_1","ns":"rocketchat.rocketchat_room","sparse":true},{"v":2,"key":{"metrics.serviceTimeDuration":1},"name":"metrics.serviceTimeDuration_1","ns":"rocketchat.rocketchat_room","sparse":true},{"v":2,"key":{"metrics.visitorInactivity":1},"name":"metrics.visitorInactivity_1","ns":"rocketchat.rocketchat_room","sparse":true},{"v":2,"key":{"omnichannel.predictedVisitorAbandonmentAt":1},"name":"omnichannel.predictedVisitorAbandonmentAt_1","ns":"rocketchat.rocketchat_room","sparse":true}],"uuid":"bc0ca1ee7e26406ba1f8d6d57dd2a5a5"}