{"options":{},"indexes":[{"v":2,"key":{"_id":1},"name":"_id_","ns":"rocketchat.rocketchat_notification_queue"},{"v":2,"key":{"_updatedAt":1},"name":"_updatedAt_1","ns":"rocketchat.rocketchat_notification_queue"},{"v":2,"key":{"uid":1},"name":"uid_1","ns":"rocketchat.rocketchat_notification_queue"},{"v":2,"key":{"ts":1},"name":"ts_1","ns":"rocketchat.rocketchat_notification_queue","expireAfterSeconds":7200},{"v":2,"key":{"schedule":1},"name":"schedule_1","ns":"rocketchat.rocketchat_notification_queue","sparse":true},{"v":2,"key":{"sending":1},"name":"sending_1","ns":"rocketchat.rocketchat_notification_queue","sparse":true}],"uuid":"0c3dcd25add440c690e3bd33e59b4a32"}