{"options":{},"indexes":[{"v":2,"key":{"_id":1},"name":"_id_","ns":"rocketchat.rocketchat_livechat_page_visited"},{"v":2,"key":{"_updatedAt":1},"name":"_updatedAt_1","ns":"rocketchat.rocketchat_livechat_page_visited"},{"v":2,"key":{"token":1},"name":"token_1","ns":"rocketchat.rocketchat_livechat_page_visited"},{"v":2,"key":{"ts":1},"name":"ts_1","ns":"rocketchat.rocketchat_livechat_page_visited"},{"v":2,"key":{"expireAt":1},"name":"expireAt_1","ns":"rocketchat.rocketchat_livechat_page_visited","sparse":1,"expireAfterSeconds":0}],"uuid":"51e0e6f7dd4347f8a635f1670bfda4ee"}