{"options":{},"indexes":[{"v":2,"key":{"_id":1},"name":"_id_","ns":"rocketchat.rocketchat_federation_room_events"},{"v":2,"key":{"_updatedAt":1},"name":"_updatedAt_1","ns":"rocketchat.rocketchat_federation_room_events"},{"v":2,"key":{"hasChildren":1},"name":"hasChildren_1","ns":"rocketchat.rocketchat_federation_room_events","sparse":true},{"v":2,"key":{"timestamp":1},"name":"timestamp_1","ns":"rocketchat.rocketchat_federation_room_events"},{"v":2,"key":{"context.roomId":1},"name":"context.roomId_1","ns":"rocketchat.rocketchat_federation_room_events"}],"uuid":"f7b65e942dad46e58b71a8747fad1f9e"}