{"options":{},"indexes":[{"v":2,"key":{"_id":1},"name":"_id_","ns":"rocketchat.rocketchat_livechat_inquiry"},{"v":2,"key":{"_updatedAt":1},"name":"_updatedAt_1","ns":"rocketchat.rocketchat_livechat_inquiry"},{"v":2,"key":{"rid":1},"name":"rid_1","ns":"rocketchat.rocketchat_livechat_inquiry"},{"v":2,"key":{"name":1},"name":"name_1","ns":"rocketchat.rocketchat_livechat_inquiry"},{"v":2,"key":{"message":1},"name":"message_1","ns":"rocketchat.rocketchat_livechat_inquiry"},{"v":2,"key":{"ts":1},"name":"ts_1","ns":"rocketchat.rocketchat_livechat_inquiry"},{"v":2,"key":{"department":1},"name":"department_1","ns":"rocketchat.rocketchat_livechat_inquiry"},{"v":2,"key":{"status":1},"name":"status_1","ns":"rocketchat.rocketchat_livechat_inquiry"},{"v":2,"key":{"queueOrder":1,"estimatedWaitingTimeQueue":1,"estimatedServiceTimeAt":1},"name":"queueOrder_1_estimatedWaitingTimeQueue_1_estimatedServiceTimeAt_1","ns":"rocketchat.rocketchat_livechat_inquiry"}],"uuid":"b60cc518700f4921a0bb18c0888c369a"}