{"options":{},"indexes":[{"v":2,"key":{"_id":1},"name":"_id_","ns":"rocketchat.rocketchat_message"},{"v":2,"key":{"_updatedAt":1},"name":"_updatedAt_1","ns":"rocketchat.rocketchat_message"},{"v":2,"key":{"rid":1,"ts":1},"name":"rid_1_ts_1","ns":"rocketchat.rocketchat_message"},{"v":2,"key":{"ts":1},"name":"ts_1","ns":"rocketchat.rocketchat_message"},{"v":2,"key":{"u._id":1},"name":"u._id_1","ns":"rocketchat.rocketchat_message"},{"v":2,"key":{"editedAt":1},"name":"editedAt_1","ns":"rocketchat.rocketchat_message","sparse":true},{"v":2,"key":{"editedBy._id":1},"name":"editedBy._id_1","ns":"rocketchat.rocketchat_message","sparse":true},{"v":2,"key":{"rid":1,"t":1,"u._id":1},"name":"rid_1_t_1_u._id_1","ns":"rocketchat.rocketchat_message"},{"v":2,"key":{"expireAt":1},"name":"expireAt_1","ns":"rocketchat.rocketchat_message","expireAfterSeconds":0},{"v":2,"key":{"_fts":"text","_ftsx":1},"name":"msg_text","ns":"rocketchat.rocketchat_message","weights":{"msg":1},"default_language":"english","language_override":"language","textIndexVersion":3},{"v":2,"key":{"file._id":1},"name":"file._id_1","ns":"rocketchat.rocketchat_message","sparse":true},{"v":2,"key":{"mentions.username":1},"name":"mentions.username_1","ns":"rocketchat.rocketchat_message","sparse":true},{"v":2,"key":{"pinned":1},"name":"pinned_1","ns":"rocketchat.rocketchat_message","sparse":true},{"v":2,"key":{"snippeted":1},"name":"snippeted_1","ns":"rocketchat.rocketchat_message","sparse":true},{"v":2,"key":{"location":"2dsphere"},"name":"location_2dsphere","ns":"rocketchat.rocketchat_message","2dsphereIndexVersion":3},{"v":2,"key":{"slackBotId":1,"slackTs":1},"name":"slackBotId_1_slackTs_1","ns":"rocketchat.rocketchat_message","sparse":true},{"v":2,"key":{"unread":1},"name":"unread_1","ns":"rocketchat.rocketchat_message","sparse":true},{"v":2,"key":{"drid":1},"name":"drid_1","ns":"rocketchat.rocketchat_message","sparse":true},{"v":2,"key":{"tmid":1},"name":"tmid_1","ns":"rocketchat.rocketchat_message","sparse":true},{"v":2,"key":{"tcount":1,"tlm":1},"name":"tcount_1_tlm_1","ns":"rocketchat.rocketchat_message","sparse":true},{"v":2,"key":{"navigation.token":1},"name":"navigation.token_1","ns":"rocketchat.rocketchat_message","sparse":true},{"v":2,"key":{"pinnedBy._id":1},"name":"pinnedBy._id_1","ns":"rocketchat.rocketchat_message","sparse":1},{"v":2,"key":{"starred._id":1},"name":"starred._id_1","ns":"rocketchat.rocketchat_message","sparse":1}],"uuid":"649cbba1d4744ae68d81a4956247a34e"}