{"options":{},"indexes":[{"v":2,"key":{"_id":1},"name":"_id_","ns":"rocketchat.rocketchat_message_read_receipt"},{"v":2,"key":{"_updatedAt":1},"name":"_updatedAt_1","ns":"rocketchat.rocketchat_message_read_receipt"},{"v":2,"unique":true,"key":{"roomId":1,"userId":1,"messageId":1},"name":"roomId_1_userId_1_messageId_1","ns":"rocketchat.rocketchat_message_read_receipt"},{"v":2,"key":{"messageId":1},"name":"messageId_1","ns":"rocketchat.rocketchat_message_read_receipt"}],"uuid":"22313e4acd474c2eb2dd3c8e458d3445"}