{"options":{},"indexes":[{"v":2,"key":{"_id":1},"name":"_id_","ns":"rocketchat.rocketchat_custom_emoji"},{"v":2,"key":{"_updatedAt":1},"name":"_updatedAt_1","ns":"rocketchat.rocketchat_custom_emoji"},{"v":2,"key":{"name":1},"name":"name_1","ns":"rocketchat.rocketchat_custom_emoji"},{"v":2,"key":{"aliases":1},"name":"aliases_1","ns":"rocketchat.rocketchat_custom_emoji"},{"v":2,"key":{"extension":1},"name":"extension_1","ns":"rocketchat.rocketchat_custom_emoji"}],"uuid":"a6ccac9797d44924b320f259d0073c9e"}