{"options":{},"indexes":[{"v":2,"key":{"_id":1},"name":"_id_","ns":"rocketchat.rocketchat_sessions"},{"v":2,"key":{"_updatedAt":1},"name":"_updatedAt_1","ns":"rocketchat.rocketchat_sessions"},{"v":2,"key":{"instanceId":1,"sessionId":1,"year":1,"month":1,"day":1},"name":"instanceId_1_sessionId_1_year_1_month_1_day_1","ns":"rocketchat.rocketchat_sessions"},{"v":2,"key":{"instanceId":1,"sessionId":1,"userId":1},"name":"instanceId_1_sessionId_1_userId_1","ns":"rocketchat.rocketchat_sessions"},{"v":2,"key":{"instanceId":1,"sessionId":1},"name":"instanceId_1_sessionId_1","ns":"rocketchat.rocketchat_sessions"},{"v":2,"key":{"year":1,"month":1,"day":1,"type":1},"name":"year_1_month_1_day_1_type_1","ns":"rocketchat.rocketchat_sessions"},{"v":2,"key":{"type":1},"name":"type_1","ns":"rocketchat.rocketchat_sessions"},{"v":2,"key":{"_computedAt":1},"name":"_computedAt_1","ns":"rocketchat.rocketchat_sessions","expireAfterSeconds":3888000}],"uuid":"7d8b89719e6d4e38ae0f898b3910201f"}