{"options":{},"indexes":[{"v":2,"key":{"_id":1},"name":"_id_","ns":"rocketchat.rocketchat_livechat_office_hour"},{"v":2,"key":{"_updatedAt":1},"name":"_updatedAt_1","ns":"rocketchat.rocketchat_livechat_office_hour"},{"v":2,"key":{"day":1},"name":"day_1","ns":"rocketchat.rocketchat_livechat_office_hour"},{"v":2,"key":{"start":1},"name":"start_1","ns":"rocketchat.rocketchat_livechat_office_hour"},{"v":2,"key":{"finish":1},"name":"finish_1","ns":"rocketchat.rocketchat_livechat_office_hour"},{"v":2,"key":{"open":1},"name":"open_1","ns":"rocketchat.rocketchat_livechat_office_hour"}],"uuid":"2c0f070f1cac499eb014a1bac58fc431"}