{"options":{},"indexes":[{"v":2,"key":{"_id":1},"name":"_id_","ns":"rocketchat.users"},{"v":2,"unique":true,"key":{"username":1},"name":"username_1","ns":"rocketchat.users","sparse":1},{"v":2,"unique":true,"key":{"emails.address":1},"name":"emails.address_1","ns":"rocketchat.users","sparse":1},{"v":2,"unique":true,"key":{"services.resume.loginTokens.hashedToken":1},"name":"services.resume.loginTokens.hashedToken_1","ns":"rocketchat.users","sparse":1},{"v":2,"unique":true,"key":{"services.resume.loginTokens.token":1},"name":"services.resume.loginTokens.token_1","ns":"rocketchat.users","sparse":1},{"v":2,"key":{"services.resume.haveLoginTokensToDelete":1},"name":"services.resume.haveLoginTokensToDelete_1","ns":"rocketchat.users","sparse":1},{"v":2,"key":{"services.resume.loginTokens.when":1},"name":"services.resume.loginTokens.when_1","ns":"rocketchat.users","sparse":1},{"v":2,"key":{"services.password.reset.when":1},"name":"services.password.reset.when_1","ns":"rocketchat.users","sparse":1},{"v":2,"unique":true,"key":{"services.facebook.id":1},"name":"services.facebook.id_1","ns":"rocketchat.users","sparse":1},{"v":2,"unique":true,"key":{"services.github.id":1},"name":"services.github.id_1","ns":"rocketchat.users","sparse":1},{"v":2,"unique":true,"key":{"services.google.id":1},"name":"services.google.id_1","ns":"rocketchat.users","sparse":1},{"v":2,"unique":true,"key":{"services.meteor-developer.id":1},"name":"services.meteor-developer.id_1","ns":"rocketchat.users","sparse":1},{"v":2,"unique":true,"key":{"services.email.verificationTokens.token":1},"name":"services.email.verificationTokens.token_1","ns":"rocketchat.users","sparse":1},{"v":2,"unique":true,"key":{"services.password.reset.token":1},"name":"services.password.reset.token_1","ns":"rocketchat.users","sparse":1},{"v":2,"unique":true,"key":{"services.twitter.id":1},"name":"services.twitter.id_1","ns":"rocketchat.users","sparse":1},{"v":2,"unique":true,"key":{"services.linkedin.id":1},"name":"services.linkedin.id_1","ns":"rocketchat.users","sparse":1},{"v":2,"key":{"_updatedAt":1},"name":"_updatedAt_1","ns":"rocketchat.users"},{"v":2,"key":{"roles":1},"name":"roles_1","ns":"rocketchat.users","sparse":1},{"v":2,"key":{"name":1},"name":"name_1","ns":"rocketchat.users"},{"v":2,"key":{"bio":1},"name":"bio_1","ns":"rocketchat.users"},{"v":2,"key":{"createdAt":1},"name":"createdAt_1","ns":"rocketchat.users"},{"v":2,"key":{"lastLogin":1},"name":"lastLogin_1","ns":"rocketchat.users"},{"v":2,"key":{"status":1},"name":"status_1","ns":"rocketchat.users"},{"v":2,"key":{"statusText":1},"name":"statusText_1","ns":"rocketchat.users"},{"v":2,"key":{"active":1},"name":"active_1","ns":"rocketchat.users","sparse":1},{"v":2,"key":{"statusConnection":1},"name":"statusConnection_1","ns":"rocketchat.users","sparse":1},{"v":2,"key":{"appId":1},"name":"appId_1","ns":"rocketchat.users","sparse":1},{"v":2,"key":{"type":1},"name":"type_1","ns":"rocketchat.users"},{"v":2,"key":{"visitorEmails.address":1},"name":"visitorEmails.address_1","ns":"rocketchat.users"},{"v":2,"key":{"federation":1},"name":"federation_1","ns":"rocketchat.users","sparse":true},{"v":2,"key":{"isRemote":1},"name":"isRemote_1","ns":"rocketchat.users","sparse":true},{"v":2,"unique":true,"key":{"services.tokenpass.id":1},"name":"services.tokenpass.id_1","ns":"rocketchat.users","sparse":1},{"v":2,"unique":true,"key":{"services.dolphin.id":1},"name":"services.dolphin.id_1","ns":"rocketchat.users","sparse":1},{"v":2,"unique":true,"key":{"services.drupal.id":1},"name":"services.drupal.id_1","ns":"rocketchat.users","sparse":1},{"v":2,"unique":true,"key":{"services.github_enterprise.id":1},"name":"services.github_enterprise.id_1","ns":"rocketchat.users","sparse":1},{"v":2,"unique":true,"key":{"services.gitlab.id":1},"name":"services.gitlab.id_1","ns":"rocketchat.users","sparse":1},{"v":2,"unique":true,"key":{"services.nextcloud.id":1},"name":"services.nextcloud.id_1","ns":"rocketchat.users","sparse":1},{"v":2,"unique":true,"key":{"services.wordpress.id":1},"name":"services.wordpress.id_1","ns":"rocketchat.users","sparse":1}],"uuid":"9b61d43082464e549d5ba8c31e7c74f6"}